Actual_Price,Predicted_Price
154500,113410.67255297578
325000,305081.87775899126
115000,135904.78562982645
159000,205424.67564124198
315500,227502.6834900436
75500,121157.48079628649
311500,205577.98056584204
146000,183787.20378269098
84500,121157.48079628649
135500,147219.2223319617
145000,185971.75622994854
130000,93229.56899259648
81000,121965.26049018302
214000,192005.28203665986
181000,208129.35962356086
134500,133824.25948958116
183500,211250.14883392878
135000,146931.5741731265
118400,134240.3647176302
226000,186179.80884397306
155000,219884.33231594673
210000,197726.7289223344
173500,185867.72992293627
129000,126334.36538469813
192000,181186.54610738438
153900,183707.60823788028
181134,171720.15216926832
141000,118844.47127981509
181000,199183.0972205061
208900,199623.63321075676
127000,132551.51304323244
284000,245162.724919927
200500,383364.4083216386
135750,127998.78629689437
255000,202511.93904489858
140000,120484.46142980976
138000,200376.66521522883
219500,206232.4553351385
310000,241160.86372905778
97000,120716.94480603586
114500,124645.51371030034
205000,251820.4085687119
119500,101135.56832552858
253293,244746.61969187792
128500,105088.56799199463
117500,208912.7085552558
115000,123837.73401640379
127000,101655.69986058991
451950,271169.3016729931
144000,160846.66855056834
119000,105088.56799199463
196000,221989.2892183936
115000,137960.8810078702
287000,360448.3038517175
144500,143835.21572496014
260000,212706.51713210047
213000,216971.59571960333
175000,149458.52246864373
107000,118507.96159657674
107500,114995.49792036132
68500,109714.5870249374
154000,131927.35520115885
317000,262926.7926568226
264132,215643.68449064548
283463,217075.6220266156
243000,230158.50594795932
109000,136528.94347190004
305000,240977.24187723483
93500,103632.19969382293
176000,210650.42175405676
118858,165350.1166793186
134000,128286.4344557296
109008,96662.43712400121
93500,167167.42542293025
611657,304898.2559071683
173000,163263.704374052
348000,281155.8271461704
341000,283860.51112848934
141000,121940.82972798146
124900,110106.26149078489
118000,131639.7070423236
67000,141002.0746734274
113000,131743.73334933587
91300,121133.05003408491
149500,147947.40648104757
133000,165943.9575941693
266000,234031.91006961468
190000,180115.9661100388
155900,143835.21572496014
155835,183787.20378269098
153500,191142.75465333887
152000,174192.35277536107
124500,113851.2085432264
301000,289661.5535589745
136500,189588.2462131762
169990,169223.52080097396
205000,193357.6240278193
183900,183371.09855464194
204900,214811.47403454734
260000,250443.6358153509
163500,204696.4914921561
224900,216243.41157051746
244000,263575.38126109773
132000,117804.20820969246
194000,177931.4136627813
156500,156061.45842800417
156000,109041.56765846068
275000,240193.89294553988
145000,105296.62060601916
135000,165374.96453470484
60000,138841.95298837143
124000,140512.260065589
127000,110497.93595663238
137500,133047.21381609217
213500,219260.17447387314
119000,112602.89285907923
107900,122693.44463926887
123000,93021.51637857196
112000,203527.77135281963
284000,201783.75489581272
133000,135409.0848569667
149000,143835.21572496014
169000,198766.99199245707
207000,167896.02666520074
175000,179210.04627415136
137000,99575.17372034462
236000,240353.08403516124
79500,126230.33907768587
144000,116635.48807035598
162900,178769.51028390072
185900,196894.5184662363
369900,269945.4167510475
197900,217387.7009476524
104000,180874.8842795322
35311,75539.2106354902
337500,211042.09621990426
367294,232673.68191343392
130250,99887.2526413814
230000,204384.41257111935
755000,484661.6005893825
403000,296319.2372077595
132000,125502.15492860002
178000,212498.46451807595
136500,181890.29949426863
145000,112162.35686882862
123000,95934.25297491536
250000,216292.69018810528
187100,181082.5198003721
133900,108857.94580663771
67000,118844.47127981509
137500,151716.78429569065
155000,142538.0385164098
200624,297310.22166029434
154300,215570.39220404075
91000,114346.90931608617
136000,192084.87758147056
108959,183126.84284837317
140000,172001.9141630822
86000,91901.65776363862
131400,121316.67188590788
179900,160693.36362596828
144000,162113.52883189576
293077,203552.2021150212
144500,134399.55580725163
118500,155461.73134813216
141000,139606.75732288617
239000,235176.19944674958
276000,300088.6150224026
556581,334031.5080356237
244400,255644.9511659641
360000,234552.04160467602
103200,147372.11016337713
102000,163997.77468815917
151000,194189.83448391742
285000,304433.28915471607
134432,170863.51095096863
113000,156997.69519111456
187500,210938.06991289198
125500,170441.51955789822
177500,195958.28170312592
179900,163918.17914334848
55993,137569.2065420227
132500,101551.67355357764
135000,146803.11710391266
255000,239233.22542022791
140000,210209.88576380615
271000,208025.33331654858
246578,215019.5266485719
202500,201288.05412295298
75000,115907.30392127013
122500,170961.65109295957
108480,140585.96944537834
160000,165032.15159326047
171000,118611.987903589
196000,221493.58844553382
225000,271224.04936241754
197000,185341.71222285362
40000,139313.22299902962
172500,213226.64866716182
154900,142017.9069813485
280000,218452.3947799766
175000,182746.94071256835
147000,142121.93328836077
315000,279258.9228577481
185000,171408.07324823152
135500,134270.68164485315
239500,242458.0409376081
139000,118924.0668246258
140000,194887.70170578038
110000,95102.04251881725
225000,239000.7420440018
143500,135984.38117463715
128950,129742.8027539013
172500,185347.59838787495
241500,170753.59847893502
262500,195230.09755404005
194201,144796.30034345674
143000,121316.67188590788
130000,142954.14374445888
126000,186051.3517747592
142500,95310.09513284177
254000,196710.89661441336
217500,203656.22842203348
66500,119964.32989474844
201000,184827.46685281364
155000,128702.53968377865
68400,146307.4163310529
64500,106367.2006033647
173000,145426.34435055163
102776,151508.7316816661
84900,125710.20754262454
165600,188468.38759824287
120000,118844.47127981509
135000,130158.90798195035
220000,231535.27870132035
153575,147531.3012529985
195400,184643.84500099067
147000,132575.94380543398
277000,246827.1458321232
143000,154996.3475024953
105900,103864.68307004902
242000,288804.9123406749
194500,213746.78020222313
438780,368696.6990329093
185000,200823.08737050075
107500,142434.01220939754
165000,151172.22199842776
176000,177257.9772031199
129900,112578.46209687767
115000,111042.49825389526
192140,196870.08770403473
160000,185451.6246948872
145000,158870.16871733533
86000,100847.92016669335
158000,122877.06649109184
127500,170184.18832628592
115000,129638.77644688902
119500,167767.15250280226
175900,199079.07091349384
240000,249739.8824284666
395000,237568.80450803167
165000,127974.3555346928
128200,95310.09513284177
275000,229999.31485833795
311872,211874.30667600236
214000,206752.58687019983
153500,198063.23860557278
144000,143835.21572496014
115000,133512.18056854437
180000,181082.5198003721
465000,274938.67948763614
180000,198063.23860557278
253000,237360.75189400715
85000,117987.83006151541
101800,186308.2659131869
148500,106544.93629016633
137500,210105.85945679387
318061,253405.23393609741
143000,208851.65760762536
140000,164383.56298898533
192500,217075.6220266156
92000,121157.48079628649
197000,196270.3606241627
109500,111354.57717493206
297000,211042.09621990426
185750,187220.07191409572
230000,223733.3056754005
89471,146619.4952520897
260000,191485.15050159855
189000,183787.20378269098
108000,132735.13489505538
124500,92189.30592247384
